review,ai_response
"Great food, loved the service!","Dear [customer],

It's great to hear that you had a great dining experience at our restaurant. We are thrilled to receive such positive feedback from our customers.

As an AI assistant, we understand how important it is to deliver top-notch service to every customer who walks through the door. That being said, we take your satisfaction and feedback very seriously, which is why we're happy to hear that you enjoyed our food and service.

We'd like to thank you personally for taking the time out of your busy day to leave a review on Google. Your review has already helped us improve our restaurant, and we appreciate your support in helping us reach our goal of providing exceptional dining experiences for all our guests.

In the future, if you have any additional feedback or suggestions, please do not hesitate to let us know. We'd love to hear from you and make sure that our customers continue to receive the level of service they deserve.

Once again, thank you for your business and for taking the time to share your experience with us. We look forward to seeing you in the near future!

Best regards,
[Your Name]"
The place was nice but very crowded.,"Dear customer,

I am sorry to hear about your experience at our restaurant. We are thrilled that you enjoyed your meal and our staff did their best to create an enjoyable dining experience for you.

Here are some of the details we would like you to share with us:

- Please let us know how our service was, whether it was timely, helpful, or friendly. - What were your thoughts about the food quality and taste? Did the dishes satisfy your palate? - If there were any issues with the order or the bill, please let us know. - Would you recommend this restaurant to others? If yes, why? If not, please explain. We value our customers' feedback and strive to provide the best possible dining experience for all of them. Please do not hesitate to reach out if you need any further assistance or support. Thank you again for your review, we are excited to hear more about your visit! Best regards,

[Your name]

[Your restaurant's name and logo]"
Excellent experience overall!,"Dear [Reviewer],

I read with great interest your recent Google review regarding our business, which I found highly informative. I was particularly impressed by the way you described our services and how they exceeded your expectations. I would like to thank you for your constructive feedback, which has helped us improve our customer experience.

At Excellent, we take pride in providing top-notch customer service that goes above and beyond what is expected from a business of our type. We are committed to providing the best possible experience for our clients, whether they are individuals or large corporations. It is not only about the quality of our products or services but also the overall experience. Therefore, we would like to elaborate on how we aim to exceed your expectations in terms of customer service:

1. Dedicated Customer Support: We believe that providing exceptional customer support goes beyond just answering calls or emails. It means being available when our clients need us and offering a wide range of support channels to suit their needs. We regularly monitor our client base, and if they encounter any issues, we do everything in our power to assist them promptly.

2. On-Time Delivery: Delivering on time is a top priority for us. Our logistics team ensures that all orders are delivered on schedule, with no missed deadlines. We also prioritize customer satisfaction by delivering products within the agreed upon delivery timeframe. This means that our clients have a positive experience overall when dealing with us.

3. Regular Customer Communication: We keep in touch regularly with our clients through various communication channels such as emails, phone calls, and messaging platforms to understand their needs and preferences. We make sure to provide timely updates on product developments, new promotions, and customer feedback. This helps us build trust and long-lasting relationships with our clients.

4. Transparent Pricing: Our transparent pricing policy means that we are upfront about the prices of our products or services. We do not hide any additional charges from our clients, including shipping costs, taxes, or customs fees, and provide them in writing before proceeding with their order.

I hope this answers your question and provides you with a better understanding of how we aim to exceed your expectations. If there is anything else I can assist you with, please do not hesitate to reach out. Once again, thank you for taking the time to review our business. We look forward to serving you in the future.

Best regards,
[Your Name]

Excellent Customer Support Team"
